{"4":{"dist":{"1":0.015665796,"10":0.09660574,"2":0.06005222,"3":0.08616188,"4":0.07832898,"5":0.075718015,"6":0.10704961,"7":0.15665796,"8":0.16449086,"9":0.15926893},"scores":{"collection":{"mean":4.55,"weight":0.35},"event":{"mean":7.27,"weight":0.2},"gauntlet":{"mean":3.27,"weight":0.25},"shuttle":{"mean":7.78,"weight":0.05},"voyage":{"mean":6.03,"weight":0.15}}},"5":{"dist":{"1":0.010548524,"10":0.052742615,"2":0.06962025,"3":0.10759494,"4":0.09704641,"5":0.1308017,"6":0.14135021,"7":0.14345992,"8":0.1308017,"9":0.116033755},"scores":{"collection":{"mean":5.56,"weight":0.1},"event":{"mean":7.32,"weight":0.15},"gauntlet":{"mean":4.89,"weight":0.25},"shuttle":{"mean":4.72,"weight":0.05},"voyage":{"mean":6.06,"weight":0.45}}}}